OBJECTID,X_WGS84,Y_WGS84,X_BD09,Y_BD09
1,113.634268,22.55757878,113.64574869223,22.560894186778
2,113.6352496,22.55757878,113.64673335961,22.560895174701
3,113.6362313,22.55757878,113.64771332842,22.560900960255
4,113.634268,22.55847471,113.6457503946,22.561792801676
5,113.6352496,22.55847471,113.64673533666,22.561797044627
6,113.6362313,22.55847471,113.64771855067,22.561791701128
7,113.637213,22.55847471,113.64869977949,22.561792515524
8,113.6381946,22.55847471,113.64968498904,22.561795952812
9,113.6332863,22.55937064,113.64477140873,22.562682478239
10,113.634268,22.55937064,113.64575454122,22.562684365804
11,113.6352496,22.55937064,113.64673324332,22.562687522254
12,113.6362313,22.55937064,113.64771700241,22.562685165371
13,113.637213,22.55937064,113.64870257674,22.562689771323
14,113.6381946,22.55937064,113.64968777962,22.562686152529
15,113.6391763,22.55937064,113.65066827666,22.562685187103
16,113.640158,22.55937064,113.65165437958,22.562684948267
17,113.6323046,22.56026658,113.64379234561,22.563579401237
18,113.6332863,22.56026658,113.64476743644,22.563582987978
19,113.634268,22.56026658,113.64575002721,22.563586507608
20,113.6352496,22.56026658,113.64673415345,22.563589124865
21,113.6362313,22.56026658,113.64771818029,22.563583240465
22,113.637213,22.56026658,113.6487061969,22.563587569682
23,113.6381946,22.56026658,113.64968678321,22.563581249158
24,113.6391763,22.56026658,113.65067297937,22.563578635138
25,113.640158,22.56026658,113.65165392731,22.563581673623
26,113.6411396,22.56026658,113.65263313452,22.563572734327
27,113.6323046,22.56116251,113.64378620503,22.564473662021
28,113.6332863,22.56116251,113.64477349564,22.564475103561
29,113.634268,22.56116251,113.64575093559,22.564480243126
30,113.6352496,22.56116251,113.64674184363,22.56448258713
31,113.6362313,22.56116251,113.64772261791,22.564478870994
32,113.637213,22.56116251,113.6487079236,22.56448537331
33,113.6381946,22.56116251,113.6496912216,22.564476330605
34,113.6391763,22.56116251,113.65067334928,22.564476713939
35,113.640158,22.56116251,113.65164940391,22.564474078652
36,113.6411396,22.56116251,113.65263405052,22.564473795544
37,113.6421213,22.56116251,113.65362646431,22.564464465958
38,113.643103,22.56116251,113.65461063172,22.564460042519
39,113.631323,22.56205844,113.64280840795,22.56536318318
40,113.6323046,22.56205844,113.64379145825,22.565369850985
41,113.6332863,22.56205844,113.64477278913,22.565376705752
42,113.634268,22.56205844,113.64575944544,22.565376697531
43,113.6352496,22.56205844,113.64674194067,22.565374695789
44,113.6362313,22.56205844,113.64771702376,22.565377770298
45,113.637213,22.56205844,113.64870448993,22.565375049026
46,113.6381946,22.56205844,113.64968752375,22.565373879436
47,113.6391763,22.56205844,113.65066747826,22.56537373279
48,113.640158,22.56205844,113.65165032352,22.565374598073
49,113.6411396,22.56205844,113.65263822547,22.565370769243
50,113.6421213,22.56205844,113.6536219466,22.565360137154
51,113.643103,22.56205844,113.65460340122,22.565360350862
52,113.6440846,22.56205844,113.65559615147,22.565353144333
53,113.631323,22.56295437,113.6428136648,22.566261547092
54,113.6323046,22.56295437,113.64379535547,22.566263595139
55,113.6332863,22.56295437,113.64477831593,22.566272348963
56,113.634268,22.56295437,113.64575249384,22.566269886701
57,113.6352496,22.56295437,113.64673635127,22.566274946188
58,113.6362313,22.56295437,113.64772390946,22.566273127874
59,113.637213,22.56295437,113.64870133478,22.5662696084
60,113.6381946,22.56295437,113.64969143314,22.566276289532
61,113.6391763,22.56295437,113.65066894351,22.566274793174
62,113.640158,22.56295437,113.65165150988,22.566268333567
63,113.6411396,22.56295437,113.65264131683,22.5662682922
64,113.6421213,22.56295437,113.65362341087,22.566259839492
65,113.643103,22.56295437,113.65460893258,22.566252154267
66,113.6440846,22.56295437,113.65558837149,22.566246681237
67,113.6450663,22.56295437,113.6565761185,22.566238442213
68,113.646048,22.56295437,113.65756184894,22.566231611221
69,113.6303413,22.56385031,113.64182683156,22.567152866582
70,113.631323,22.56385031,113.64281187469,22.56716097259
71,113.6323046,22.56385031,113.64379546668,22.567166826284
72,113.6332863,22.56385031,113.64477488881,22.567163094543
73,113.634268,22.56385031,113.64576263204,22.567164986012
74,113.6352496,22.56385031,113.64673672052,22.567165698641
75,113.6362313,22.56385031,113.64772618794,22.567173646155
76,113.637213,22.56385031,113.64870904031,22.567169299997
77,113.6381946,22.56385031,113.64969125899,22.567166773789
78,113.6391763,22.56385031,113.65067176129,22.567170964468
79,113.640158,22.56385031,113.65165433163,22.567168030365
80,113.6411396,22.56385031,113.652643041,22.56715659795
81,113.6421213,22.56385031,113.65362106564,22.567152783701
82,113.643103,22.56385031,113.65461338601,22.567152376731
83,113.6440846,22.56385031,113.65559173649,22.567144739149
84,113.6450663,22.56385031,113.65657704012,22.567138419466
85,113.646048,22.56385031,113.65756250161,22.56713430436
86,113.6470296,22.56385031,113.65855137117,22.567125600932
87,113.6293597,22.56474624,113.64085128784,22.568047969018
88,113.6303413,22.56474624,113.64183316984,22.56805096739
89,113.631323,22.56474624,113.64281740064,22.568059065774
90,113.6323046,22.56474624,113.64379041446,22.568060276755
91,113.6332863,22.56474624,113.6447749905,22.56805900036
92,113.634268,22.56474624,113.64576381823,22.568060621938
93,113.6352496,22.56474624,113.64674007729,22.568061605028
94,113.6362313,22.56474624,113.64772927297,22.56806873664
95,113.637213,22.56474624,113.64870886669,22.568061953495
96,113.6381946,22.56474624,113.64968919072,22.568064860463
97,113.6391763,22.56474624,113.65066968447,22.568061185465
98,113.640158,22.56474624,113.6516606769,22.568063368646
99,113.6411396,22.56474624,113.65263825356,22.568052808771
100,113.6421213,22.56474624,113.6536214447,22.568055477376
101,113.643103,22.56474624,113.65461212754,22.56804775721
102,113.6440846,22.56474624,113.65559075165,22.568042289756
103,113.6450663,22.56474624,113.65658149261,22.568038364493
104,113.646048,22.56474624,113.65756041942,22.56802237233
105,113.6470296,22.56474624,113.65855337059,22.568017969311
106,113.6480113,22.56474624,113.65953015267,22.5680097547
107,113.6489929,22.56474624,113.66052284386,22.568002291649
108,113.6293597,22.56564217,113.64085002311,22.568935724503
109,113.6303413,22.56564217,113.64183408209,22.568947687684
110,113.631323,22.56564217,113.6428155929,22.5689468233
111,113.6323046,22.56564217,113.64379620487,22.568954838499
112,113.6332863,22.56564217,113.64477699073,22.568958978199
113,113.634268,22.56564217,113.64576283672,22.568962224828
114,113.6352496,22.56564217,113.64673827856,22.568960225333
115,113.6362313,22.56564217,113.64772557356,22.568966547758
116,113.637213,22.56564217,113.64870842279,22.568959490612
117,113.6381946,22.56564217,113.64969145618,22.568957778122
118,113.6391763,22.56564217,113.65067901058,22.568955973466
119,113.640158,22.56564217,113.65165723888,22.568954412051
120,113.6411396,22.56564217,113.65264432518,22.568948957046
121,113.6421213,22.56564217,113.65362207792,22.568944873711
122,113.643103,22.56564217,113.65461331236,22.568945289423
123,113.6440846,22.56564217,113.65559927137,22.568938404859
124,113.6450663,22.56564217,113.65658158866,22.568934006802
125,113.646048,22.56564217,113.657566224,22.568918773345
126,113.6470296,22.56564217,113.65854693834,22.568909611837
127,113.6480113,22.56564217,113.65953296624,22.568904282919
128,113.6489929,22.56564217,113.66052402464,22.568895210118
129,113.6499746,22.56564217,113.66150189379,22.568887527897
130,113.628378,22.5665381,113.63987301687,22.569832671958
131,113.6293597,22.5665381,113.64085391645,22.569838428097
132,113.6303413,22.5665381,113.64182875457,22.569844380203
133,113.631323,22.5665381,113.64281785851,22.569847345512
134,113.6323046,22.5665381,113.64379765316,22.569851287644
135,113.6332863,22.5665381,113.64477898254,22.569856512974
136,113.634268,22.5665381,113.64576509967,22.569859487449
137,113.6352496,22.5665381,113.64673891462,22.569858029821
138,113.6362313,22.5665381,113.64772511682,22.569857028099
139,113.637213,22.5665381,113.64871232052,22.569862443812
140,113.6381946,22.5665381,113.6496961633,22.569855299708
141,113.6391763,22.5665381,113.65067232146,22.569858691479
142,113.640158,22.5665381,113.65165760295,22.569851947735
143,113.6411396,22.5665381,113.65264224776,22.569849220328
144,113.6421213,22.5665381,113.65362516354,22.569847818988
145,113.643103,22.5665381,113.65461095519,22.569838505429
146,113.6440846,22.5665381,113.65559691536,22.569833251485
147,113.6450663,22.5665381,113.65658521267,22.569830701369
148,113.646048,22.5665381,113.65757012498,22.56982007561
149,113.6470296,22.5665381,113.65855410079,22.569809792167
150,113.6480113,22.5665381,113.65953631627,22.569797447237
151,113.6489929,22.5665381,113.66052356801,22.569788146947
152,113.6499746,22.5665381,113.66150932112,22.569777924167
153,113.6509563,22.5665381,113.6624916674,22.569769552706
154,113.6519379,22.5665381,113.66348038872,22.56976022388
155,113.628378,22.56743404,113.63986632386,22.570724188691
156,113.6293597,22.56743404,113.64085155981,22.570731873062
157,113.6303413,22.56743404,113.64182938198,22.570741096625
158,113.631323,22.56743404,113.64281306412,22.570744043906
159,113.6323046,22.56743404,113.64379556717,22.570746098623
160,113.6332863,22.56743404,113.64477635468,22.570752411108
161,113.634268,22.56743404,113.64575731905,22.570756742152
162,113.6352496,22.56743404,113.6467433399,22.570755017713
163,113.6362313,22.56743404,113.64772303618,22.570759446989
164,113.637213,22.56743404,113.64871158808,22.570756722918
165,113.6381946,22.56743404,113.64969109288,22.570754748535
166,113.6391763,22.56743404,113.65067918581,22.570748873884
167,113.640158,22.56743404,113.65166230539,22.5707513602
168,113.6411396,22.56743404,113.65264314533,22.570745123902
169,113.6421213,22.56743404,113.6536260557,22.570738296128
170,113.643103,22.56743404,113.65461728535,22.57073355486
171,113.6440846,22.56743404,113.65560052637,22.570725334223
172,113.6450663,22.56743404,113.65658257106,22.57072012507
173,113.646048,22.56743404,113.65756531099,22.570711965251
174,113.6470296,22.56743404,113.65855255104,22.570704636235
175,113.6480113,22.56743404,113.65953586189,22.570700420457
176,113.6489929,22.56743404,113.66052038978,22.570686541172
177,113.6499746,22.56743404,113.66150614486,22.570678762984
178,113.6509563,22.56743404,113.66249337854,22.570662460889
179,113.6519379,22.56743404,113.66348345983,22.570652841413
180,113.6529196,22.56743404,113.66446032296,22.570641213108
181,113.6539013,22.56743404,113.66544790181,22.57063026147
182,113.6273963,22.56832997,113.63889190425,22.571617858007
183,113.628378,22.56832997,113.63987208821,22.571619577153
184,113.6293597,22.56832997,113.64085542641,22.571625619545
185,113.6303413,22.56832997,113.64183459991,22.57163050512
186,113.631323,22.56832997,113.64281177942,22.571636139769
187,113.6323046,22.56832997,113.64379699689,22.571641730308
188,113.6332863,22.56832997,113.6447794126,22.571649130095
189,113.634268,22.56832997,113.64576742485,22.571648851157
190,113.6352496,22.56832997,113.64674395356,22.571648206235
191,113.6362313,22.56832997,113.64772446641,22.571655347976
192,113.637213,22.56832997,113.64870921749,22.571651003522
193,113.6381946,22.56832997,113.6496968689,22.571653348604
194,113.6391763,22.56832997,113.65067899477,22.571652105442
195,113.640158,22.56832997,113.65165721541,22.571643220753
196,113.6411396,22.56832997,113.65264185746,22.571638053353
197,113.6421213,22.56832997,113.65362531343,22.5716339371
198,113.643103,22.56832997,113.65460948379,22.571633590549
199,113.6440846,22.56832997,113.65559788809,22.571627505236
200,113.6450663,22.56832997,113.65658699225,22.571616537456
201,113.646048,22.56832997,113.65757000805,22.571611899392
202,113.6470296,22.56832997,113.65854936198,22.571601123468
203,113.6480113,22.56832997,113.65953892379,22.571595212242
204,113.6489929,22.56832997,113.66052101076,22.571587329777
205,113.6499746,22.56832997,113.66150485953,22.571576862579
206,113.6509563,22.56832997,113.66249400285,22.571566505687
207,113.6519379,22.56832997,113.66348189815,22.571546877633
208,113.6529196,22.56832997,113.66446175493,22.571536564193
209,113.6539013,22.56832997,113.66544905809,22.571521817832
210,113.6548829,22.56832997,113.66643674134,22.571516611822
211,113.6264147,22.5692259,113.63791356648,22.572503617036
212,113.6273963,22.5692259,113.63888871687,22.57251372936
213,113.628378,22.5692259,113.63986998736,22.572518985692
214,113.6293597,22.5692259,113.64085386407,22.572522048965
215,113.6303413,22.5692259,113.64183439782,22.572532640198
216,113.631323,22.5692259,113.6428150954,22.572532318664
217,113.6323046,22.5692259,113.64379869171,22.572543329364
218,113.6332863,22.5692259,113.64478571418,22.572547208374
219,113.634268,22.5692259,113.64576043383,22.572543660218
220,113.6352496,22.5692259,113.64674645655,22.572543562455
221,113.6362313,22.5692259,113.6477272396,22.572549345757
222,113.637213,22.5692259,113.64871715181,22.572549601085
223,113.6381946,22.5692259,113.64969204589,22.572550621724
224,113.6391763,22.5692259,113.6506787793,22.572542582587
225,113.640158,22.5692259,113.65165863453,22.572539388754
226,113.6411396,22.5692259,113.6526500674,22.572535538853
227,113.6421213,22.5692259,113.65363325513,22.572533588615
228,113.643103,22.5692259,113.65461280014,22.572524859309
229,113.6440846,22.5692259,113.65560202186,22.572520664506
230,113.6450663,22.5692259,113.65658623928,22.572514079346
231,113.646048,22.5692259,113.65757034096,22.572508346606
232,113.6470296,22.5692259,113.6585581229,22.572498567498
233,113.6480113,22.5692259,113.65954360298,22.572487812738
234,113.6489929,22.5692259,113.66052732384,22.572481807345
235,113.6499746,22.5692259,113.66151280588,22.572472129899
236,113.6509563,22.5692259,113.66249379092,22.572462147992
237,113.6519379,22.5692259,113.66348141506,22.572443338328
238,113.6529196,22.5692259,113.66446182005,22.572437358912
239,113.6539013,22.5692259,113.66544885486,22.572426415511
240,113.6548829,22.5692259,113.66643788742,22.572409793618
241,113.6558646,22.5692259,113.6674289219,22.572399468506
242,113.6568463,22.5692259,113.66841322881,22.572382054445
243,113.6264147,22.57012183,113.63791524405,22.57340223314
244,113.6273963,22.57012183,113.63889228635,22.573407745416
245,113.628378,22.57012183,113.63987761909,22.573410582056
246,113.6293597,22.57012183,113.6408522877,22.573418204341
247,113.6303413,22.57012183,113.64183878399,22.573429094488
248,113.631323,22.57012183,113.64282165558,22.573433660853
249,113.6323046,22.57012183,113.64379521662,22.573440300539
250,113.6332863,22.57012183,113.6447833142,22.573434960358
251,113.634268,22.57012183,113.64576319866,22.573443899132
252,113.6352496,22.57012183,113.64675003894,22.573447326531
253,113.6362313,22.57012183,113.64773243848,22.573440624696
254,113.637213,22.57012183,113.64871828047,22.573440613342
255,113.6381946,22.57012183,113.64969236364,22.573445163329
256,113.6391763,22.57012183,113.65068263249,22.5734436225
257,113.640158,22.57012183,113.65166329793,22.573435267035
258,113.6411396,22.57012183,113.65265202169,22.573437669567
259,113.6421213,22.57012183,113.65363575102,22.573433815587
260,113.643103,22.57012183,113.65461447699,22.573420478519
261,113.6440846,22.57012183,113.65559663592,22.573417968981
262,113.6450663,22.57012183,113.65658954747,22.573410225135
263,113.646048,22.57012183,113.65757120364,22.573404785763
264,113.6470296,22.57012183,113.65855790219,22.573399087906
265,113.6480113,22.57012183,113.65954256501,22.573386715213
266,113.6489929,22.57012183,113.6605211146,22.573375889177
267,113.6499746,22.57012183,113.66151475036,22.573362043635
268,113.6509563,22.57012183,113.66250035878,22.573351457119
269,113.6519379,22.57012183,113.66348201111,22.573344936283
270,113.6529196,22.57012183,113.66446295108,22.573329452996
271,113.6539013,22.57012183,113.66545814663,22.573316759754
272,113.6548829,22.57012183,113.6664406557,22.573306474703
273,113.6558646,22.57012183,113.66742869108,22.573289955803
274,113.6568463,22.57012183,113.66841599812,22.573279276558
275,113.6578279,22.57012183,113.6693954801,22.573262116656
276,113.625433,22.57101777,113.63693216291,22.574286592523
277,113.6264147,22.57101777,113.63790877245,22.57429237248
278,113.6273963,22.57101777,113.63889178136,22.574306614119
279,113.628378,22.57101777,113.63987792518,22.574307828928
280,113.6293597,22.57101777,113.64085693479,22.574321171709
281,113.6303413,22.57101777,113.64183990353,22.574327159702
282,113.631323,22.57101777,113.64282385618,22.574328202336
283,113.6323046,22.57101777,113.64379632877,22.574330497025
284,113.6332863,22.57101777,113.64478362311,22.574336008078
285,113.634268,22.57101777,113.64576756898,22.574337624311
286,113.6352496,22.57101777,113.64675142801,22.574343491169
287,113.6362313,22.57101777,113.64772677667,22.574340595784
288,113.637213,22.57101777,113.64871288402,22.574335434778
289,113.6381946,22.57101777,113.64969972396,22.574340765779
290,113.6391763,22.57101777,113.65068211498,22.574332738334
291,113.640158,22.57101777,113.65166469265,22.574336855565
292,113.6411396,22.57101777,113.65264987528,22.57432788233
293,113.6421213,22.57101777,113.65363089119,22.574327575836
294,113.643103,22.57101777,113.65461912649,22.574316072534
295,113.6440846,22.57101777,113.65559830099,22.574317654167
296,113.6450663,22.57101777,113.65658767637,22.574306143073
297,113.646048,22.57101777,113.65757313244,22.574295513482
298,113.6470296,22.57101777,113.65855113694,22.574294790247
299,113.6480113,22.57101777,113.65954177828,22.574280456452
300,113.6489929,22.57101777,113.66052359678,22.574276104145
301,113.6499746,22.57101777,113.66151288143,22.574262041137
302,113.6509563,22.57101777,113.66249794155,22.574247122447
303,113.6519379,22.57101777,113.66348421723,22.574239996861
304,113.6529196,22.57101777,113.66446733969,22.574230721797
305,113.6539013,22.57101777,113.66545654397,22.574211604376
306,113.6548829,22.57101777,113.66643660395,22.574201358181
307,113.6558646,22.57101777,113.66743063184,22.574191258266
308,113.6568463,22.57101777,113.66841630156,22.574175721351
309,113.6578279,22.57101777,113.66940095501,22.574158747204
310,113.6588096,22.57101777,113.67038295652,22.574146918854
311,113.6597913,22.57101777,113.67137208585,22.574129261151
312,113.625433,22.5719137,113.63692757633,22.575182707614
313,113.6264147,22.5719137,113.63791692121,22.575195373318
314,113.6273963,22.5719137,113.6388966697,22.575197919776
315,113.628378,22.5719137,113.6398749676,22.575210750375
316,113.6293597,22.5719137,113.64085667409,22.575210815876
317,113.6303413,22.5719137,113.64183395326,22.575219493689
318,113.631323,22.5719137,113.64282034797,22.57522434909
319,113.6323046,22.5719137,113.64380176995,22.57522965424
320,113.6332863,22.5719137,113.644783099,22.575235151808
321,113.634268,22.5719137,113.64576189191,22.575237579959
322,113.6352496,22.5719137,113.64675279852,22.575238567065
323,113.6362313,22.5719137,113.64773032122,22.575239195708
324,113.637213,22.5719137,113.64871752038,22.575240270214
325,113.6381946,22.5719137,113.64969620429,22.575230699932
326,113.6391763,22.5719137,113.65068240703,22.575235413392
327,113.640158,22.5719137,113.65166905266,22.575234356444
328,113.6411396,22.5719137,113.65264826064,22.57522460017
329,113.6421213,22.5719137,113.65363307256,22.575217487933
330,113.643103,22.5719137,113.65461941326,22.575213323114
331,113.6440846,22.5719137,113.65559967265,22.575212997009
332,113.6450663,22.5719137,113.65659095648,22.575207979932
333,113.646048,22.5719137,113.65756716899,22.575194183154
334,113.6470296,22.5719137,113.65855929894,22.575183548526
335,113.6480113,22.5719137,113.65954614392,22.575178748394
336,113.6489929,22.5719137,113.66052496534,22.575167375152
337,113.6499746,22.5719137,113.66151398099,22.575156299707
338,113.6509563,22.5719137,113.66249632344,22.57514358743
339,113.6519379,22.5719137,113.66347933263,22.575134337925
340,113.6529196,22.5719137,113.6644681632,22.575120371375
341,113.6539013,22.5719137,113.66545819261,22.575110737881
342,113.6548829,22.5719137,113.66643797686,22.575096425713
343,113.6558646,22.5719137,113.66742900973,22.57508447372
344,113.6568463,22.5719137,113.66841304302,22.575065165843
345,113.6578279,22.5719137,113.66940423795,22.575058666168
346,113.6588096,22.5719137,113.67038705394,22.575044381396
347,113.6597913,22.5719137,113.67137100718,22.575021656542
348,113.6607729,22.5719137,113.67235529207,22.575011983116
349,113.6244513,22.57280963,113.63595490552,22.576064726703
350,113.625433,22.57280963,113.63693217398,22.576074556544
351,113.6264147,22.57280963,113.63791501548,22.576083370465
352,113.6273963,22.57280963,113.63889640033,22.57609868224
353,113.628378,22.57280963,113.63987550583,22.576106092325
354,113.6293597,22.57280963,113.64086128084,22.576110248771
355,113.6303413,22.57280963,113.64184235048,22.576113784412
356,113.631323,22.57280963,113.64282143273,22.576124848581
357,113.6323046,22.57280963,113.64379823692,22.576120646062
358,113.6332863,22.57280963,113.64478092536,22.576131033358
359,113.634268,22.57280963,113.64576893914,22.576132927463
360,113.6352496,22.57280963,113.64674600733,22.576129300401
361,113.6362313,22.57280963,113.64773601402,22.576134533365
362,113.637213,22.57280963,113.64871507088,22.576133721417
363,113.6381946,22.57280963,113.64970081448,22.576127388568
364,113.6391763,22.57280963,113.65068538597,22.576128849168
365,113.640158,22.57280963,113.65166904466,22.57612726202
366,113.6411396,22.57280963,113.65264961124,22.576118312701
367,113.6421213,22.57280963,113.65363198236,22.576115285742
368,113.643103,22.57280963,113.65461397826,22.576113596483
369,113.6440846,22.57280963,113.65560156303,22.576102362608
370,113.6450663,22.57280963,113.65658388083,22.576099324717
371,113.646048,22.57280963,113.65757232869,22.576091654562
372,113.6470296,22.57280963,113.65855957116,22.57608649457
373,113.6480113,22.57280963,113.6595409734,22.576076058459
374,113.6489929,22.57280963,113.66052931494,22.576068916568
375,113.6499746,22.57280963,113.66151778069,22.576050520111
376,113.6509563,22.57280963,113.66249795065,22.576041090577
377,113.6519379,22.57280963,113.66348558325,22.576030691289
378,113.6529196,22.57280963,113.6644668021,22.576022257701
379,113.6539013,22.57280963,113.66545601361,22.576011009603
380,113.6548829,22.57280963,113.66643742835,22.575994503201
381,113.6558646,22.57280963,113.66743335838,22.57598138896
382,113.6568463,22.57280963,113.66841548715,22.575962110617
383,113.6578279,22.57280963,113.6693968842,22.575955772807
384,113.6588096,22.57280963,113.67038323425,22.575937089731
385,113.6597913,22.57280963,113.67137263964,22.575923497457
386,113.6607729,22.57280963,113.67235964272,22.575909435469
387,113.6617546,22.57280963,113.67334777373,22.575895702424
388,113.6627363,22.57280963,113.67432993665,22.575872158751
389,113.6234697,22.57370556,113.63497370603,22.576951322748
390,113.6244513,22.57370556,113.63595055685,22.576968428829
391,113.625433,22.57370556,113.63693242225,22.576971519253
392,113.6264147,22.57370556,113.63791743557,22.57698631927
393,113.6273963,22.57370556,113.63889095807,22.576994250038
394,113.628378,22.57370556,113.63987385046,22.576995719418
395,113.6293597,22.57370556,113.64085990096,22.577005577005
396,113.6303413,22.57370556,113.64184178262,22.577008304098
397,113.631323,22.57370556,113.64282330537,22.577020734236
398,113.6323046,22.57370556,113.6438030938,22.577018166011
399,113.6332863,22.57370556,113.64478632489,22.577028279077
400,113.634268,22.57370556,113.64576511519,22.577027449955
401,113.6352496,22.57370556,113.64675140766,22.577025452413
402,113.6362313,22.57370556,113.64773218552,22.577025808545
403,113.637213,22.57370556,113.6487177561,22.577026614909
404,113.6381946,22.57370556,113.64969889455,22.577030332934
405,113.6391763,22.57370556,113.65068155851,22.577024206611
406,113.640158,22.57370556,113.65166576059,22.577023977514
407,113.6411396,22.57370556,113.65265121517,22.577015275287
408,113.6421213,22.57370556,113.65363956253,22.577012751094
409,113.643103,22.57370556,113.65461503668,22.577007848511
410,113.6440846,22.57370556,113.65560099726,22.577003410676
411,113.6450663,22.57370556,113.65659037968,22.576999496197
412,113.646048,22.57370556,113.65757393118,22.576986171904
413,113.6470296,22.57370556,113.65856062653,22.576976947292
414,113.6480113,22.57370556,113.65954338851,22.576966766978
415,113.6489929,22.57370556,113.66052411503,22.576957815802
416,113.6499746,22.57370556,113.66151286042,22.576948915919
417,113.6509563,22.57370556,113.6624987437,22.576942127409
418,113.6519379,22.57370556,113.66348963698,22.576927613194
419,113.6529196,22.57370556,113.66446921872,22.576913232358
420,113.6539013,22.57370556,113.66545272113,22.576906952284
421,113.6548829,22.57370556,113.66644066554,22.576889804677
422,113.6558646,22.57370556,113.66743169999,22.576879480052
423,113.6568463,22.57370556,113.66841628349,22.576866403167
424,113.6578279,22.57370556,113.6693968517,22.576845970508
425,113.6588096,22.57370556,113.6703840203,22.576829444416
426,113.6597913,22.57370556,113.67137015847,22.576814822908
427,113.6607729,22.57370556,113.6723568928,22.576804836066
428,113.6617546,22.57370556,113.67334747202,22.576789161423
429,113.6627363,22.57370556,113.67433862234,22.576769800143
430,113.6637179,22.57370556,113.6753208141,22.576755649956
431,113.6234697,22.5746015,113.63497420543,22.577851809886
432,113.6244513,22.5746015,113.6359518632,22.577862954844
433,113.625433,22.5746015,113.63693779796,22.577874490283
434,113.6264147,22.5746015,113.63791792459,22.577875140552
435,113.6273963,22.5746015,113.63889686832,22.577887178562
436,113.628378,22.5746015,113.6398773282,22.577894597729
437,113.6293597,22.5746015,113.64085768777,22.577903880957
438,113.6303413,22.5746015,113.6418392956,22.577903896415
439,113.631323,22.5746015,113.64282135694,22.5779130755
440,113.6323046,22.5746015,113.64379952345,22.577916745935
441,113.6332863,22.5746015,113.64478627252,22.577919271634
442,113.634268,22.5746015,113.64576587756,22.577919800346
443,113.6352496,22.5746015,113.64675082097,22.577926485212
444,113.6362313,22.5746015,113.64773159719,22.577925214702
445,113.637213,22.5746015,113.64872204824,22.577921128317
446,113.6381946,22.5746015,113.64969938555,22.577922955414
447,113.6391763,22.5746015,113.65068585392,22.577921155441
448,113.640158,22.5746015,113.65166815563,22.577920661016
449,113.6411396,22.5746015,113.65265524487,22.577917645671
450,113.6421213,22.5746015,113.65363163618,22.577908956736
451,113.643103,22.5746015,113.65461661719,22.577903991191
452,113.6440846,22.5746015,113.65560094921,22.577901465244
453,113.6450663,22.5746015,113.65658515968,22.577887559378
454,113.646048,22.5746015,113.65757823494,22.577887983537
455,113.6470296,22.5746015,113.65855895069,22.577879090651
456,113.6480113,22.5746015,113.65954443023,22.577867796213
457,113.6489929,22.5746015,113.66052569973,22.577857753079
458,113.6499746,22.5746015,113.66151771001,22.577850439313
459,113.6509563,22.5746015,113.66250168369,22.577836347988
460,113.6519379,22.5746015,113.6634876861,22.577827869158
461,113.6529196,22.5746015,113.66447298108,22.577813950191
462,113.6539013,22.5746015,113.6654532131,22.577800934404
463,113.6548829,22.5746015,113.66644251657,22.577781866802
464,113.6558646,22.5746015,113.66742647681,22.577772738957
465,113.6568463,22.5746015,113.66842003678,22.577754906348
466,113.6578279,22.5746015,113.66940224801,22.577745840712
467,113.6588096,22.5746015,113.67038452052,22.577732651697
468,113.6597913,22.5746015,113.67137800185,22.577710578708
469,113.6607729,22.5746015,113.67236146858,22.577699019156
470,113.6617546,22.5746015,113.67334878509,22.577687742173
471,113.6627363,22.5746015,113.6743320384,22.577665264632
472,113.6637179,22.5746015,113.67532321292,22.577650141555
473,113.6646996,22.5746015,113.67631276527,22.577634990749
474,113.6656812,22.5746015,113.67729769275,22.577621269063
475,113.622488,22.57549743,113.6339933755,22.578735211696
476,113.6234697,22.57549743,113.63497603141,22.578749592689
477,113.6244513,22.57549743,113.63595287054,22.578752861181
478,113.625433,22.57549743,113.63693826623,22.578767647495
479,113.6264147,22.57549743,113.63792083812,22.578777541443
480,113.6273963,22.57549743,113.63890140167,22.578782534705
481,113.628378,22.57549743,113.63987644083,22.578786933522
482,113.6293597,22.57549743,113.64085680416,22.57880137306
483,113.6303413,22.57549743,113.64184627233,22.578801966152
484,113.631323,22.57549743,113.64281911393,22.578806496255
485,113.6323046,22.57549743,113.64380161845,22.57881072271
486,113.6332863,22.57549743,113.6447889112,22.578814604558
487,113.634268,22.57549743,113.64577313109,22.578819475433
488,113.6352496,22.57549743,113.64674993173,22.578819645129
489,113.6362313,22.57549743,113.64773532495,22.578824068112
490,113.637213,22.57549743,113.6487143819,22.5788240728
491,113.6381946,22.57549743,113.64970528295,22.578818269747
492,113.6391763,22.57549743,113.65068197942,22.578817046094
493,113.640158,22.57549743,113.65167106819,22.578816251772
494,113.6411396,22.57549743,113.65264946498,22.578810299526
495,113.6421213,22.57549743,113.65363943833,22.578803969077
496,113.643103,22.57549743,113.65461980154,22.578798217765
497,113.6440846,22.57549743,113.65560467685,22.578795142685
498,113.6450663,22.57549743,113.65658780805,22.578789926212
499,113.646048,22.57549743,113.65757897621,22.578784669926
500,113.6470296,22.57549743,113.65856077759,22.578773595074
501,113.6480113,22.57549743,113.65954381094,22.578762870048
502,113.6489929,22.57549743,113.66053323991,22.578755443381
503,113.6499746,22.57549743,113.6615151812,22.578738756208
504,113.6509563,22.57549743,113.66250568464,22.578727564857
505,113.6519379,22.57549743,113.66348352606,22.578718111796
506,113.6529196,22.57549743,113.66447481156,22.578711434775
507,113.6539013,22.57549743,113.66545776297,22.578696478651
508,113.6548829,22.57549743,113.66644217387,22.578683182186
509,113.6558646,22.57549743,113.6674348408,22.578672560334
510,113.6568463,22.57549743,113.66841887671,22.578655150624
511,113.6578279,22.57549743,113.66940298582,22.578637372064
512,113.6588096,22.57549743,113.67038607292,22.578621727435
513,113.6597913,22.57549743,113.67137847131,22.578606455719
514,113.6607729,22.57549743,113.67236330125,22.578597585656
515,113.6617546,22.57549743,113.67334653187,22.578583124376
516,113.6627363,22.57549743,113.6743390434,22.578563468054
517,113.6637179,22.57549743,113.67532640359,22.578544342466
518,113.6646996,22.57549743,113.6763080605,22.578528246773
519,113.6656812,22.57549743,113.67729925392,22.578520111217
520,113.6666629,22.57549743,113.67827818115,22.578501648694
521,113.6215063,22.57639336,113.6330118519,22.579619780102
522,113.622488,22.57639336,113.63399192277,22.579627528627
523,113.6234697,22.57639336,113.63497024467,22.579639425586
524,113.6244513,22.57639336,113.63595061264,22.57965521227
525,113.625433,22.57639336,113.63693816811,22.579662422775
526,113.6264147,22.57639336,113.6379204655,22.579667974329
527,113.6273963,22.57639336,113.63889913898,22.579681094745
528,113.628378,22.57639336,113.63988284823,22.579686091013
529,113.6293597,22.57639336,113.64085995823,22.579697795674
530,113.6303413,22.57639336,113.64184563409,22.579700540909
531,113.631323,22.57639336,113.64281955719,22.579701820154
532,113.6323046,22.57639336,113.64380830216,22.579711759716
533,113.6332863,22.57639336,113.64479125316,22.579710745798
534,113.634268,22.57639336,113.6457662481,22.579711539672
535,113.6352496,22.57639336,113.64675091795,22.579716055058
536,113.6362313,22.57639336,113.64773739597,22.579719933834
537,113.637213,22.57639336,113.64871861995,22.57971450649
538,113.6381946,22.57639336,113.64970247325,22.57971984529
539,113.6391763,22.57639336,113.65069029885,22.579717495874
540,113.640158,22.57639336,113.6516679786,22.579708881678
541,113.6411396,22.57639336,113.65265669483,22.579703145368
542,113.6421213,22.57639336,113.65363906864,22.579702827931
543,113.643103,22.57639336,113.65461997672,22.579699243987
544,113.6440846,22.57639336,113.65560811176,22.579695328607
545,113.6450663,22.57639336,113.6565915079,22.579680882955
546,113.646048,22.57639336,113.65757207407,22.579672743736
547,113.6470296,22.57639336,113.6585631224,22.579668631194
548,113.6480113,22.57639336,113.65954126422,22.579660401916
549,113.6489929,22.57639336,113.66052661273,22.579651398428
550,113.6499746,22.57639336,113.66151861626,22.579635674365
551,113.6509563,22.57639336,113.66249987245,22.579624332534
552,113.6519379,22.57639336,113.66349213309,22.579618753369
553,113.6529196,22.57639336,113.66447470795,22.579604600603
554,113.6539013,22.57639336,113.66545602781,22.579590754495
555,113.6548829,22.57639336,113.66644261747,22.579580138775
556,113.6558646,22.57639336,113.66743038401,22.579566881484
557,113.6568463,22.57639336,113.6684144233,22.579554086095
558,113.6578279,22.57639336,113.66940506521,22.579537557599
559,113.6588096,22.57639336,113.67039277958,22.579521834376
560,113.6597913,22.57639336,113.67137293044,22.579507856458
561,113.6607729,22.57639336,113.67236565038,22.579494238285
562,113.6617546,22.57639336,113.67335105353,22.579472955743
563,113.6627363,22.57639336,113.67433867108,22.579460710927
564,113.6637179,22.57639336,113.67532439765,22.57944107182
565,113.6646996,22.57639336,113.67631204751,22.57942975323
566,113.6656812,22.57639336,113.67729588699,22.579417136064
567,113.6666629,22.57639336,113.6782857009,22.579395224662
568,113.6215063,22.57728929,113.63301145693,22.580515358236
569,113.622488,22.57728929,113.6339993836,22.580531332082
570,113.6234697,22.57728929,113.63497905835,22.580541067229
571,113.6244513,22.57728929,113.63595779679,22.580548964495
572,113.625433,22.57728929,113.63693425424,22.580561501078
573,113.6264147,22.57728929,113.63791763491,22.580567878718
574,113.6273963,22.57728929,113.63889413753,22.580577188797
575,113.628378,22.57728929,113.63988381103,22.580588194673
576,113.6293597,22.57728929,113.64086443576,22.580589336204
577,113.6303413,22.57728929,113.64184307164,22.580600458565
578,113.631323,22.57728929,113.64282512456,22.580598783768
579,113.6323046,22.57728929,113.64380248025,22.580605706407
580,113.6332863,22.57728929,113.64478922978,22.580608773962
581,113.634268,22.57728929,113.64577154977,22.580612559353
582,113.6352496,22.57728929,113.6467532356,22.580616257396
583,113.6362313,22.57728929,113.64773238536,22.580616887751
584,113.637213,22.57728929,113.64872365302,22.580616056626
585,113.6381946,22.57728929,113.64970125909,22.580614898924
586,113.6391763,22.57728929,113.65068908576,22.580614450375
587,113.640158,22.57728929,113.65166839248,22.580603116968
588,113.6411396,22.57728929,113.65265467106,22.580606076664
589,113.6421213,22.57728929,113.65364165999,22.580603289506
590,113.643103,22.57728929,113.65462120431,22.580592117358
591,113.6440846,22.57728929,113.65560661861,22.580583340287
592,113.6450663,22.57728929,113.65659355398,22.580577546411
593,113.646048,22.57728929,113.65757412508,22.580575646213
594,113.6470296,22.57728929,113.65856544351,22.580569087963
595,113.6480113,22.57728929,113.65954194902,22.580553821867
596,113.6489929,22.57728929,113.66053463697,22.580541746153
597,113.6499746,22.57728929,113.66152175392,22.580535846116
598,113.6509563,22.57728929,113.66250110556,22.580523171431
599,113.6519379,22.57728929,113.66349009685,22.580510854389
600,113.6529196,22.57728929,113.66447267153,22.580496703136
601,113.6539013,22.57728929,113.66546243159,22.580490871845
602,113.6548829,22.57728929,113.66644411991,22.580474902609
603,113.6558646,22.57728929,113.66742916778,22.580464943728
604,113.6568463,22.57728929,113.66841918884,22.580444997895
605,113.6578279,22.57728929,113.66940330026,22.580429932817
606,113.6588096,22.57728929,113.67039156098,22.580416914232
607,113.6597913,22.57728929,113.67137552048,22.580400158338
608,113.6607729,22.57728929,113.67236823971,22.580385454489
609,113.6617546,22.57728929,113.67334738732,22.58037106422
610,113.6627363,22.57728929,113.67434045021,22.580360080221
611,113.6637179,22.57728929,113.67532100693,22.580343517275
612,113.6646996,22.57728929,113.67630756493,22.580328419844
613,113.6656812,22.57728929,113.67729684571,22.580311364858
614,113.6205247,22.57818523,113.6320386719,22.58139743182
615,113.6215063,22.57818523,113.63301427809,22.581407712513
616,113.622488,22.57818523,113.63399218895,22.58142276204
617,113.6234697,22.57818523,113.63497592255,22.581431458904
618,113.6244513,22.57818523,113.63595547716,22.581445606735
619,113.625433,22.57818523,113.63693328662,22.581456258088
620,113.6264147,22.57818523,113.63791937359,22.581459944942
621,113.6273963,22.57818523,113.63889723035,22.581468720821
622,113.628378,22.57818523,113.63988365431,22.581481875416
623,113.6293597,22.57818523,113.64086374247,22.581490611465
624,113.6303413,22.57818523,113.64184589415,22.581491711688
625,113.631323,22.57818523,113.64282849736,22.581500617746
626,113.6323046,22.57818523,113.64380828698,22.581498319512
627,113.6332863,22.57818523,113.64479368712,22.581509248118
628,113.634268,22.57818523,113.64576786719,22.581508141345
629,113.6352496,22.57818523,113.64675823278,22.581511298263
630,113.6362313,22.57818523,113.64773846512,22.581507039824
631,113.637213,22.57818523,113.64872077776,22.58150568007
632,113.6381946,22.57818523,113.64970734505,22.581511009811
633,113.6391763,22.57818523,113.65068675113,22.581502721505
634,113.640158,22.57818523,113.65167420884,22.581498948162
635,113.6411396,22.57818523,113.65265071026,22.581500331058
636,113.6421213,22.57818523,113.65363932922,22.58149916503
637,113.643103,22.57818523,113.65462485281,22.581492020835
638,113.6440846,22.57818523,113.65561189836,22.581483770516
639,113.6450663,22.57818523,113.65658823758,22.581480238937
640,113.646048,22.57818523,113.65757695272,22.581466054708
641,113.6470296,22.57818523,113.65855821366,22.581459872176
642,113.6480113,22.57818523,113.65954749995,22.581449351338
643,113.6489929,22.57818523,113.66053312166,22.58144115508
644,113.6499746,22.57818523,113.66151479864,22.581434511188
645,113.6509563,22.57818523,113.6624990463,22.581423404246
646,113.6519379,22.57818523,113.66348912539,22.581411073754
647,113.6529196,22.57818523,113.66447088154,22.581393679487
648,113.6539013,22.57818523,113.66545655813,22.581385197234
649,113.6548829,22.57818523,113.66644423022,22.581366425907
650,113.6558646,22.57818523,113.66742846025,22.581354581011
651,113.6568463,22.57818523,113.66841603703,22.581341458152
652,113.6578279,22.57818523,113.66940695432,22.581328994638
653,113.6588096,22.57818523,113.6703963057,22.581318398459
654,113.6597913,22.57818523,113.6713824435,22.581302146733
655,113.6607729,22.57818523,113.67236672406,22.581286774207
656,113.6617546,22.57818523,113.6733537624,22.581267362241
657,113.6627363,22.57818523,113.67434219698,22.581255645356
658,113.6637179,22.57818523,113.6753213886,22.581233409059
659,113.6646996,22.57818523,113.67631284756,22.581219309665
660,113.6656812,22.57818523,113.6773015873,22.58120687662
661,113.6205247,22.57908116,113.63203442836,22.582292408238
662,113.6215063,22.57908116,113.63301707357,22.582307114651
663,113.622488,22.57908116,113.6340003991,22.582323577937
664,113.6234697,22.57908116,113.63498196542,22.582328448981
665,113.6244513,22.57908116,113.63595583382,22.582341454255
666,113.625433,22.57908116,113.63693364347,22.582352648418
667,113.6264147,22.57908116,113.63791837845,22.58235958071
668,113.6273963,22.57908116,113.63890273579,22.582367588806
669,113.628378,22.57908116,113.63988590361,22.58237285174
670,113.6293597,22.57908116,113.6408649059,22.582378596415
671,113.6303413,22.57908116,113.64184218297,22.582385372748
672,113.631323,22.57908116,113.64282532386,22.582389129711
673,113.6323046,22.57908116,113.6438045755,22.582393887519
674,113.6332863,22.57908116,113.64478996933,22.582397223515
675,113.634268,22.57908116,113.64577717011,22.58239938462
676,113.6352496,22.57908116,113.64675261569,22.582401181283
677,113.6362313,22.57908116,113.64774044803,22.582402345538
678,113.637213,22.57908116,113.64871706579,22.582406693986
679,113.6381946,22.57908116,113.64970389589,22.582400903332
680,113.6391763,22.57908116,113.65068493808,22.582404007104
681,113.640158,22.57908116,113.65167646903,22.582401301543
682,113.6411396,22.57908116,113.65265187684,22.582391836979
683,113.6421213,22.57908116,113.65364239508,22.582387673643
684,113.643103,22.57908116,113.65462303267,22.582385718322
685,113.6440846,22.57908116,113.65561225121,22.582376909553
686,113.6450663,22.57908116,113.65658913619,22.582376900212
687,113.646048,22.57908116,113.65758002637,22.582363237112
688,113.6470296,22.57908116,113.65856509241,22.582355656058
689,113.6480113,22.57908116,113.65954377891,22.582348777124
690,113.6489929,22.57908116,113.66053674,22.582338054302
691,113.6499746,22.57908116,113.66151841746,22.582331679699
692,113.6509563,22.57908116,113.66250646886,22.582314009099
693,113.6519379,22.57908116,113.66348839207,22.582307213618
694,113.6529196,22.57908116,113.66447694869,22.582288636977
695,113.6539013,22.57908116,113.6654631686,22.582278244607
696,113.6548829,22.57908116,113.66644894255,22.582267910189
697,113.6558646,22.57908116,113.66742908831,22.582252058547
698,113.6568463,22.57908116,113.66841829687,22.582237281341
699,113.6578279,22.57908116,113.66941057195,22.582220182477
700,113.6588096,22.57908116,113.67039393417,22.582207787359
701,113.6597913,22.57908116,113.67138062131,22.582198852294
702,113.6607729,22.57908116,113.67236544366,22.582179672575
703,113.6617546,22.57908116,113.67335330009,22.582162145751
704,113.6627363,22.57908116,113.6743349266,22.582147022314
705,113.6637179,22.57908116,113.67532446675,22.582130029073
706,113.6646996,22.57908116,113.67631211397,22.582115183464
707,113.619543,22.57997709,113.63105494844,22.58317752963
708,113.6205247,22.57997709,113.63203800441,22.583193714536
709,113.6215063,22.57997709,113.63301956708,22.583208135041
710,113.622488,22.57997709,113.63399665951,22.583213134597
711,113.6234697,22.57997709,113.63498229002,22.583224018643
712,113.6244513,22.57997709,113.63595426054,22.58323347945
713,113.625433,22.57997709,113.636941281,22.583250722685
714,113.6264147,22.57997709,113.6379219531,22.583255718698
715,113.6273963,22.57997709,113.63890197581,22.58326260923
716,113.628378,22.57997709,113.63988027184,22.583276254304
717,113.6293597,22.57997709,113.64086035748,22.583282823902
718,113.6303413,22.57997709,113.6418468432,22.583280962444
719,113.631323,22.57997709,113.64282320886,22.583286592028
720,113.6323046,22.57997709,113.64381303681,22.583295447862
721,113.6332863,22.57997709,113.64478893951,22.583297134144
722,113.634268,22.57997709,113.64577234338,22.583300379548
723,113.6352496,22.57997709,113.64675538593,22.583305434636
724,113.6362313,22.57997709,113.64774240408,22.583305783949
725,113.637213,22.57997709,113.64872471809,22.583305778222
726,113.6381946,22.57997709,113.6497077508,22.583301891782
727,113.6391763,22.57997709,113.65069367859,22.583302802974
728,113.640158,22.57997709,113.65166837434,22.583297186866
729,113.6411396,22.57997709,113.65265464469,22.583289024665
730,113.6421213,22.57997709,113.65364489079,22.583283504698
731,113.643103,22.57997709,113.65462280945,22.583277769592
732,113.6440846,22.57997709,113.65561366418,22.583278172384
733,113.6450663,22.57997709,113.65659461661,22.58326456046
734,113.646048,22.57997709,113.65757681677,22.583261016954
735,113.6470296,22.57997709,113.65855834678,22.583251034287
736,113.6480113,22.57997709,113.65955089978,22.58324698872
737,113.6489929,22.57997709,113.6605299902,22.583230187295
738,113.6499746,22.57997709,113.6615149319,22.58322676064
739,113.6509563,22.57997709,113.66250352792,22.583210441952
740,113.6519379,22.57997709,113.66349415069,22.58319674545
741,113.6529196,22.57997709,113.6644718323,22.583187546944
742,113.6539013,22.57997709,113.66545941387,22.583180121545
743,113.6548829,22.57997709,113.66645035393,22.583164554835
744,113.6558646,22.57997709,113.6674340396,22.583151902451
745,113.6568463,22.57997709,113.66841970686,22.583131212277
746,113.6578279,22.57997709,113.66940654044,22.583116645124
747,113.6588096,22.57997709,113.67039589349,22.58310903369
748,113.6597913,22.57997709,113.67138311723,22.583088151567
749,113.6607729,22.57997709,113.67236876263,22.583078452831
750,113.6617546,22.57997709,113.67335035622,22.58305777979
751,113.6627363,22.57997709,113.6743355209,22.583041509021
752,113.6637179,22.57997709,113.67532179601,22.583027015504
753,113.6646996,22.57997709,113.67631679712,22.583017736562
754,113.6185613,22.58087302,113.63007718102,22.584059872341
755,113.619543,22.58087302,113.6310568664,22.584077725002
756,113.6205247,22.58087302,113.63203450719,22.58408895918
757,113.6215063,22.58087302,113.63301363231,22.584101726432
758,113.622488,22.58087302,113.63399857839,22.584114412382
759,113.6234697,22.58087302,113.6349828562,22.58412663822
760,113.6244513,22.58087302,113.6359605132,22.584136966069
761,113.625433,22.58087302,113.63693642727,22.584147869893
762,113.6264147,22.58087302,113.63791980706,22.584152891296
763,113.6273963,22.58087302,113.6389014553,22.584160880496
764,113.628378,22.58087302,113.63987866607,22.584172892101
765,113.6293597,22.58087302,113.64086579253,22.584172174806
766,113.6303413,22.58087302,113.64184632194,22.58417923653
767,113.631323,22.58087302,113.64282485665,22.584185959583
768,113.6323046,22.58087302,113.64380980279,22.58419263197
769,113.6332863,22.58087302,113.64478706188,22.584196222907
770,113.634268,22.58087302,113.64577236384,22.584199471739
771,113.6352496,22.58087302,113.6467526862,22.584192862143
772,113.6362313,22.58087302,113.64773509469,22.584199188592
773,113.637213,22.58087302,113.64872608831,22.58419401696
774,113.6381946,22.58087302,113.64970586835,22.584197193454
775,113.6391763,22.58087302,113.65068989422,22.584196486476
776,113.640158,22.58087302,113.6516697488,22.584191663303
777,113.6411396,22.58087302,113.65266145571,22.584191337204
778,113.6421213,22.58087302,113.65364409752,22.584185861677
779,113.643103,22.58087302,113.65462717549,22.58417656264
780,113.6440846,22.58087302,113.65561123682,22.584175390251
781,113.6450663,22.58087302,113.65659762397,22.58416146044
782,113.646048,22.58087302,113.65757765164,22.584160649291
783,113.6470296,22.58087302,113.6585667932,22.584150586151
784,113.6480113,22.58087302,113.65954955715,22.584142575611
785,113.6489929,22.58087302,113.6605357228,22.584134643884
786,113.6499746,22.58087302,113.66152038707,22.584121450364
787,113.6509563,22.58087302,113.66251007598,22.584111896695
788,113.6519379,22.58087302,113.66348655329,22.584095950774
789,113.6529196,22.58087302,113.66448001092,22.584083816557
790,113.6539013,22.58087302,113.66546541555,22.584074791814
791,113.6548829,22.58087302,113.66644601878,22.584063179905
792,113.6558646,22.58087302,113.66743949769,22.584045762414
793,113.6568463,22.58087302,113.66841782301,22.584033871205
794,113.6578279,22.58087302,113.66941118974,22.58402136698
795,113.6588096,22.58087302,113.67039781377,22.584001862984
796,113.6597913,22.58087302,113.67137769404,22.583990059535
797,113.6607729,22.58087302,113.67236333277,22.583970052652
798,113.6617546,22.58087302,113.6733533714,22.583959541983
799,113.6627363,22.58087302,113.67434125615,22.583939424569
800,113.6637179,22.58087302,113.67532480827,22.583923622451
801,113.6185613,22.58176896,113.63008339257,22.584959848963
802,113.619543,22.58176896,113.6310595589,22.584974125737
803,113.6205247,22.58176896,113.6320369259,22.584979386631
804,113.6215063,22.58176896,113.63301415988,22.584997827892
805,113.622488,22.58176896,113.63400153872,22.585004843031
806,113.6234697,22.58176896,113.63497823587,22.585015905158
807,113.6244513,22.58176896,113.63596076574,22.585026282508
808,113.625433,22.58176896,113.636942099,22.585042930089
809,113.6264147,22.58176896,113.63792060666,22.585051979098
810,113.6273963,22.58176896,113.63890577529,22.585057821927
811,113.628378,22.58176896,113.63988650483,22.585063069026
812,113.6293597,22.58176896,113.64086523963,22.585075595693
813,113.6303413,22.58176896,113.64184196879,22.585073146717
814,113.631323,22.58176896,113.64282430077,22.585085312883
815,113.6323046,22.58176896,113.64381141393,22.585089007288
816,113.6332863,22.58176896,113.64478812769,22.58508717042
817,113.634268,22.58176896,113.64577777154,22.585094219652
818,113.6352496,22.58176896,113.64675620023,22.585094931228
819,113.6362313,22.58176896,113.64774185883,22.58509039904
820,113.637213,22.58176896,113.64872607397,22.585093646327
821,113.6381946,22.58176896,113.64970910918,22.585093829132
822,113.6391763,22.58176896,113.65068933089,22.585086352152
823,113.640158,22.58176896,113.65167135956,22.585085046372
824,113.6411396,22.58176896,113.65265301856,22.585085319045
825,113.6421213,22.58176896,113.65364000233,22.585075482002
826,113.643103,22.58176896,113.65462199748,22.585074062554
827,113.6440846,22.58176896,113.65561013058,22.58506797797
828,113.6450663,22.58176896,113.65659733886,22.585064351487
829,113.646048,22.58176896,113.65757817675,22.585055122675
830,113.6470296,22.58176896,113.65856596168,22.585049414641
831,113.6480113,22.58176896,113.65955415785,22.585032390938
832,113.6489929,22.58176896,113.66053407,22.585024531173
833,113.6499746,22.58176896,113.66152172772,22.58501509951
834,113.6509563,22.58176896,113.66250271447,22.585007831031
835,113.6519379,22.58176896,113.66349143514,22.584997688906
836,113.6529196,22.58176896,113.66447264924,22.58498220166
837,113.6539013,22.58176896,113.66546838991,22.584969771149
838,113.6548829,22.58176896,113.66645007806,22.584951630132
839,113.6558646,22.58176896,113.66743159052,22.584945795223
840,113.6568463,22.58176896,113.66841780395,22.584927810674
841,113.6578279,22.58176896,113.66940708786,22.584914831722
842,113.6588096,22.58176896,113.67039398742,22.584901293144
843,113.6597913,22.58176896,113.67138176029,22.584887998881
844,113.6607729,22.58176896,113.67236385888,22.584864797157
845,113.6617546,22.58176896,113.67335552852,22.584850459597
846,113.6627363,22.58176896,113.67433851987,22.584841551833
847,113.6637179,22.58176896,113.67532615157,22.584818895003
848,113.6175797,22.58266489,113.62910323608,22.585841016606
849,113.6185613,22.58266489,113.63007549745,22.58585501583
850,113.619543,22.58266489,113.63105680003,22.585862853119
851,113.6205247,22.58266489,113.63204093788,22.585879322333
852,113.6215063,22.58266489,113.63302114432,22.585888842844
853,113.622488,22.58266489,113.63400068095,22.585908247693
854,113.6234697,22.58266489,113.63497899854,22.585912544854
855,113.6244513,22.58266489,113.63596071991,22.585930239389
856,113.625433,22.58266489,113.63693744353,22.585936538735
857,113.6264147,22.58266489,113.63792380566,22.585947009125
858,113.6273963,22.58266489,113.63890436878,22.5859514615
859,113.628378,22.58266489,113.63988157845,22.585961843618
860,113.6293597,22.58266489,113.64086708516,22.585971425625
861,113.6303413,22.58266489,113.64184191841,22.585970595181
862,113.631323,22.58266489,113.64283075412,22.585979256848
863,113.6323046,22.58266489,113.64380946469,22.58598590939
864,113.6332863,22.58266489,113.64479377215,22.58598571433
865,113.634268,22.58266489,113.64577798803,22.585985159062
866,113.6352496,22.58266489,113.64676157173,22.585987225883
867,113.6362313,22.58266489,113.64774262359,22.585991918862
868,113.637213,22.58266489,113.6487271064,22.585988382886
869,113.6381946,22.58266489,113.64971122863,22.585991003551
870,113.6391763,22.58266489,113.6506919935,22.585982980419
871,113.640158,22.58266489,113.65167158129,22.585986567771
872,113.6411396,22.58266489,113.65266274388,22.585984344894
873,113.6421213,22.58266489,113.6536404929,22.585971847457
874,113.643103,22.58266489,113.65462846597,22.58597309674
875,113.6440846,22.58266489,113.65561062254,22.585967327621
876,113.6450663,22.58266489,113.65659592598,22.585959106224
877,113.646048,22.58266489,113.65758491712,22.585948985125
878,113.6470296,22.58266489,113.65856943841,22.585938694723
879,113.6480113,22.58266489,113.65954703547,22.585928028213
880,113.6489929,22.58266489,113.66053129713,22.585920121652
881,113.6499746,22.58266489,113.66152085662,22.585907955145
882,113.6509563,22.58266489,113.66250538044,22.585903624878
883,113.6519379,22.58266489,113.66349654963,22.585893718825
884,113.6529196,22.58266489,113.66447531557,22.585877450395
885,113.6539013,22.58266489,113.66545962782,22.58586220496
886,113.6548829,22.58266489,113.66645111608,22.58585368423
887,113.6558646,22.58266489,113.66743643261,22.585837479436
888,113.6568463,22.58266489,113.66841775071,22.585824727302
889,113.6578279,22.58266489,113.66940540202,22.585812589484
890,113.6588096,22.58266489,113.67039093869,22.5857955477
891,113.6597913,22.58266489,113.67137816511,22.585778736842
892,113.6607729,22.58266489,113.67236925147,22.585764332736
893,113.6617546,22.58266489,113.67335384066,22.5857444213
894,113.6627363,22.58266489,113.67434390884,22.585734032148
895,113.6175797,22.58356082,113.62909746752,22.586732675021
896,113.6185613,22.58356082,113.63008163348,22.586750365926
897,113.619543,22.58356082,113.63105807027,22.586765733017
898,113.6205247,22.58356082,113.632036253,22.586778873093
899,113.6215063,22.58356082,113.63301916704,22.58679222661
900,113.622488,22.58356082,113.63400194368,22.586796475969
901,113.6234697,22.58356082,113.63497945625,22.586814871633
902,113.6244513,22.58356082,113.63596442296,22.58682554282
903,113.625433,22.58356082,113.63694006508,22.586834271994
904,113.6264147,22.58356082,113.6379261551,22.586841754256
905,113.6273963,22.58356082,113.63890048797,22.586846162153
906,113.628378,22.58356082,113.63988772104,22.586855523218
907,113.6293597,22.58356082,113.64086780648,22.58686046029
908,113.6303413,22.58356082,113.64184643752,22.586865885613
909,113.631323,22.58356082,113.64282768187,22.586871533771
910,113.6323046,22.58356082,113.64381561127,22.586880382519
911,113.6332863,22.58356082,113.64479070182,22.586884779989
912,113.634268,22.58356082,113.64577220385,22.586882327195
913,113.6352496,22.58356082,113.64675795766,22.586886569467
914,113.6362313,22.58356082,113.6477384622,22.586883670554
915,113.637213,22.58356082,113.64872132006,22.586888552365
916,113.6381946,22.58356082,113.64970462377,22.586885212662
917,113.6391763,22.58356082,113.65069000578,22.586883417561
918,113.640158,22.58356082,113.65167013194,22.586878865589
919,113.6411396,22.58356082,113.65265450292,22.586872884879
920,113.6421213,22.58356082,113.6536395898,22.586871198689
921,113.643103,22.58356082,113.65463054819,22.586867272377
922,113.6440846,22.58356082,113.65560917276,22.586861530922
923,113.6450663,22.58356082,113.65659936977,22.586857878925
924,113.646048,22.58356082,113.65758102337,22.586848641282
925,113.6470296,22.58356082,113.65856717512,22.586838336951
926,113.6480113,22.58356082,113.65955319964,22.586826763542
927,113.6489929,22.58356082,113.6605366484,22.586823203445
928,113.6499746,22.58356082,113.66152620732,22.586808320742
929,113.6509563,22.58356082,113.6625050151,22.58679429645
930,113.6519379,22.58356082,113.6634967295,22.586787096258
931,113.6529196,22.58356082,113.66447876215,22.586774850391
932,113.6539013,22.58356082,113.66546035464,22.586760729172
933,113.6548829,22.58356082,113.66644694261,22.586747400382
934,113.6558646,22.58356082,113.66743906264,22.586732446365
935,113.6568463,22.58356082,113.66842582354,22.586719062413
936,113.6578279,22.58356082,113.66940503813,22.586706790487
937,113.6588096,22.58356082,113.67039602115,22.586695082874
938,113.6597913,22.58356082,113.67138243044,22.586676385742
939,113.6607729,22.58356082,113.67236943098,22.586656083267
940,113.6617546,22.58356082,113.67335919727,22.586645847695
941,113.6627363,22.58356082,113.67434218352,22.586627172877
942,113.616598,22.58445675,113.6281187018,22.587617087861
943,113.6175797,22.58445675,113.62910059247,22.587634218599
944,113.6185613,22.58445675,113.63008204837,22.587641290877
945,113.619543,22.58445675,113.63106038113,22.587661565673
946,113.6205247,22.58445675,113.63204153885,22.587670671656
947,113.6215063,22.58445675,113.63301904266,22.587688842369
948,113.622488,22.58445675,113.63400290205,22.587692832644
949,113.6234697,22.58445675,113.63498338946,22.587705018261
950,113.6244513,22.58445675,113.63596402652,22.587720529489
951,113.625433,22.58445675,113.63694643695,22.587725519085
952,113.6264147,22.58445675,113.63792305121,22.587739976811
953,113.6273963,22.58445675,113.6389017197,22.587748486903
954,113.628378,22.58445675,113.63988894997,22.587751607538
955,113.6293597,22.58445675,113.64086741188,22.587761690064
956,113.6303413,22.58445675,113.64184441408,22.587761683325
957,113.631323,22.58445675,113.64282810077,22.587774395458
958,113.6323046,22.58445675,113.64381412822,22.587774829453
959,113.6332863,22.58445675,113.64479654028,22.587779239974
960,113.634268,22.58445675,113.64577479129,22.587782748594
961,113.6352496,22.58445675,113.64676244333,22.587784817952
962,113.6362313,22.58445675,113.64774647436,22.587778113
963,113.637213,22.58445675,113.64872607567,22.58778055309
964,113.6381946,22.58445675,113.64971264099,22.587785338329
965,113.6391763,22.58445675,113.65068825082,22.587783032144
966,113.640158,22.58445675,113.65167244871,22.587776563473
967,113.6411396,22.58445675,113.65265926486,22.587771923654
968,113.6421213,22.58445675,113.65364625322,22.587769136054
969,113.643103,22.58445675,113.65462634388,22.587760672833
970,113.6440846,22.58445675,113.65561312081,22.58775893756
971,113.6450663,22.58445675,113.65659815095,22.587746376636
972,113.646048,22.58445675,113.65758442683,22.587741435656
973,113.6470296,22.58445675,113.65856813354,22.587733325213
974,113.6480113,22.58445675,113.65954790546,22.58772263576
975,113.6489929,22.58445675,113.66054087005,22.587718694416
976,113.6499746,22.58445675,113.66152254446,22.587706892992
977,113.6509563,22.58445675,113.66251087,22.58768976091
978,113.6519379,22.58445675,113.66349279195,22.587681879143
979,113.6529196,22.58445675,113.66448135338,22.587669812947
980,113.6539013,22.58445675,113.66546512423,22.587658913623
981,113.6548829,22.58445675,113.66644817524,22.587645365901
982,113.6558646,22.58445675,113.66743458013,22.587628874264
983,113.6568463,22.58445675,113.66842651238,22.587617578637
984,113.6578279,22.58445675,113.66940899304,22.587605523713
985,113.6588096,22.58445675,113.67039725043,22.587584908325
986,113.6597913,22.58445675,113.67138665677,22.587572128025
987,113.6607729,22.58445675,113.67236658169,22.587554931928
988,113.6617546,22.58445675,113.67335798003,22.58754249787
989,113.6156164,22.58535269,113.62714134946,22.588494758355
990,113.616598,22.58535269,113.62812070314,22.588512912176
991,113.6175797,22.58535269,113.62909718229,22.588526710081
992,113.6185613,22.58535269,113.6300786426,22.58854545006
993,113.619543,22.58535269,113.63106021645,22.588553561091
994,113.6205247,22.58535269,113.63204354053,22.588566492061
995,113.6215063,22.58535269,113.63301589945,22.588578362393
996,113.622488,22.58535269,113.63400274149,22.588595952059
997,113.6234697,22.58535269,113.63498485212,22.58860598418
998,113.6244513,22.58535269,113.63596088233,22.588612227683
999,113.625433,22.58535269,113.6369403158,22.588623163017
1000,113.6264147,22.58535269,113.63792234374,22.588632784655
